<eml:eml xmlns:eml="eml://ecoinformatics.org/eml-2.1.1"
         xmlns:xsi="http://www.w3.org/2001/XMLSchema-instance"
         xsi:schemaLocation="eml://ecoinformatics.org/eml-2.1.1 http://rs.gbif.org/schema/eml-gbif-profile/1.0.2/eml.xsd"
         packageId="4edd9396-59df-4b01-9e29-dc21a59f9963" system="http://gbif.org" scope="system"
         xml:lang="en">

<dataset>
  <title>University of British Columbia Herbarium (UBC) - Bryophytes Collection</title>
<creator>
    <individualName>
<givenName>Olivia</givenName>      <surName>Lee</surName>
    </individualName>
<organizationName>University of British Columbia Herbarium</organizationName><positionName>Collections Manager, Bryophytes, Fungi &amp; Lichen</positionName>    <address>
<deliveryPoint>3529-6270 University Boulevard</deliveryPoint><city>Vancouver</city><administrativeArea>British Columbia</administrativeArea><postalCode>V6T 1Z4</postalCode><country>CANADA</country>    </address>
<phone>(604) 822-3344</phone><electronicMailAddress>olivia.lee@botany.ubc.ca</electronicMailAddress><onlineUrl>http://www.biodiversity.ubc.ca/museum/herbarium/</onlineUrl></creator>
<metadataProvider>
    <individualName>
<givenName>Beryl</givenName>      <surName>Zhuang</surName>
    </individualName>
<organizationName>University of British Columbia Herbarium</organizationName><positionName>Database Manager</positionName>    <address>
<deliveryPoint>3529-6270 University Boulevard</deliveryPoint><city>Vancouver</city><administrativeArea>British Columbia</administrativeArea><postalCode>V6T 1Z4</postalCode><country>CANADA</country>    </address>
<phone>(604) 822-3344</phone><electronicMailAddress>bzhuang@mail.ubc.ca</electronicMailAddress><onlineUrl>http://www.biodiversity.ubc.ca/museum/herbarium/</onlineUrl></metadataProvider>
<associatedParty>
<organizationName>University of British Columbia Herbarium</organizationName>    <role>ADMINISTRATIVE_POINT_OF_CONTACT</role>
</associatedParty>
<associatedParty>
    <individualName>
<givenName>Judith</givenName>      <surName>Harpel</surName>
    </individualName>
<organizationName>University of British Columbia Herbarium</organizationName><positionName>Curator of Bryophytes</positionName>    <role>ADMINISTRATIVE_POINT_OF_CONTACT</role>
</associatedParty>
<associatedParty>
    <individualName>
<givenName>Olivia</givenName>      <surName>Lee</surName>
    </individualName>
<organizationName>University of British Columbia Herbarium</organizationName><positionName>Assistant Curator Bryophytes, Fungi &amp; Lichens</positionName>    <address>
<deliveryPoint>3529-6270 University Boulevard</deliveryPoint><city>Vancouver</city><administrativeArea>British Columbia</administrativeArea><postalCode>V6T 1Z4</postalCode><country>CANADA</country>    </address>
<phone>(604) 822-3344</phone><electronicMailAddress>olivia.lee@botany.ubc.ca</electronicMailAddress><onlineUrl>http://www.biodiversity.ubc.ca/museum/herbarium/</onlineUrl>    <role>CUSTODIAN_STEWARD</role>
</associatedParty>
<associatedParty>
    <individualName>
<givenName>Jeannette</givenName>      <surName>Whitton</surName>
    </individualName>
<organizationName>University of British Columbia Herbarium</organizationName><positionName>Director &amp; Curator, Vascular Plants</positionName>    <address>
<deliveryPoint>3529-6270 University Boulevard</deliveryPoint><city>Vancouver</city><administrativeArea>British Columbia</administrativeArea><postalCode>V6T 1Z4</postalCode><country>CANADA</country>    </address>
<phone>(604) 822-3344</phone><electronicMailAddress>jeannette.whitton@botany.ubc.ca</electronicMailAddress><onlineUrl>http://www.botany.ubc.ca/people/jwhitton.html</onlineUrl>    <role>PRINCIPAL_INVESTIGATOR</role>
</associatedParty>
<associatedParty>
    <individualName>
<givenName>Beryl</givenName>      <surName>Zhuang</surName>
    </individualName>
<organizationName>University of British Columbia Herbarium</organizationName><positionName>Database Manager</positionName>    <address>
<deliveryPoint>3529-6270 University Boulevard</deliveryPoint><city>Vancouver</city><administrativeArea>British Columbia</administrativeArea><postalCode>V6T 1Z4</postalCode><country>CANADA</country>    </address>
<phone>(604) 822-3344</phone><electronicMailAddress>bzhuang@mail.ubc.ca</electronicMailAddress><onlineUrl>http://www.biodiversity.ubc.ca/museum/herbarium/</onlineUrl>    <role>PROGRAMMER</role>
</associatedParty>
<pubDate>
        2014-09-17
</pubDate>
<language>ENGLISH</language>
<abstract>
  <para>The UBC bryophyte collection houses mosses, liverworts, and hornworts and is a tribute to the career of Dr. Wilf Schofield, who came to UBC in 1960. Professor Schofield was the first bryologist hired at a Canadian university. When he started at UBC, the collection included roughly 3,000 specimens. As a result of Dr. Schofield’s efforts and those of his students and post-doctoral researchers, the collection has grown to over 250,000 specimens, a considerable legacy. After his retirement, Dr. Schofield continued his research, up to the month before his passing in November 2008. He was such an avid collector that his specimens will continue to be processed and added to the collection for some time. - See more at: http://www.beatymuseum.ubc.ca/herbarium-bryophytes#sthash.pjK2COJK.dpuf</para>
</abstract>
  <keywordSet>
      <keyword>Occurrence</keyword>
      <keywordThesaurus>GBIF Dataset Type Vocabulary: http://rs.gbif.org/vocabulary/gbif/dataset_type.xml</keywordThesaurus>
  </keywordSet>
  <keywordSet>
      <keyword>Specimen</keyword>
      <keywordThesaurus>GBIF Dataset Subtype Vocabulary: http://rs.gbif.org/vocabulary/gbif/dataset_subtype.xml</keywordThesaurus>
  </keywordSet>
  <keywordSet>
      <keyword>bryophytes</keyword>
      <keyword>University of British Columbia Herbarium</keyword>
      <keyword>Beaty Biodiversity Museum</keyword>
      <keyword>Canada</keyword>
      <keyword>herbarium</keyword>
      <keyword>UBC</keyword>
      <keyword>British Columbia</keyword>
      <keyword>Canadensys</keyword>
      <keyword>collection</keyword>
      <keyword>specimens</keyword>
      <keywordThesaurus>n/a</keywordThesaurus>
  </keywordSet>
  <distribution scope="document">
    <online>
      <url function="information">http://www.beatymuseum.ubc.ca/herbarium-bryophytes</url>
    </online>
  </distribution>
  <coverage>
      <geographicCoverage>
          <geographicDescription>The major representation is for British Columbia and adjacent states of the United States: Alaska, Washington, Oregon, California, and Arizona, in particular. Strong representation is also true for the Atlantic provinces of Canada, largely through R.J. Belland. For Europe the collection has modest holdings; for Australia and New Zealand the collections are representative, but not extensive. The same is true for Japan, Taiwan, and the Hawaiian Islands. The lowest representation is for Africa and South America. - See more at: http://www.beatymuseum.ubc.ca/herbarium-bryophytes#sthash.pjK2COJK.dpuf</geographicDescription>
        <boundingCoordinates>
          <westBoundingCoordinate>-180</westBoundingCoordinate>
          <eastBoundingCoordinate>180</eastBoundingCoordinate>
          <northBoundingCoordinate>90</northBoundingCoordinate>
          <southBoundingCoordinate>-90</southBoundingCoordinate>
        </boundingCoordinates>
      </geographicCoverage>
      <temporalCoverage>
      </temporalCoverage>
        <taxonomicCoverage>
            <generalTaxonomicCoverage>The genera with the most comprehensive representation are: Mosses; Andreaea, Grimmia, Hygrohypnum, Hypnum, Hylocomium, Isothecium, Philonotis, Racomitrium, Rhytidiadelphus, Sanionia, Schistidium, Sphagnum, Takakia, Tetraphis, Tetrodontium and Hepatics; Anastrophyllum, Diplophyllum, Gymnomitrion, Lophozia (s.l.), Marsupella, Plagiochila, Ptilidium, Scapania.
Type specimens : 220</generalTaxonomicCoverage>
            <taxonomicClassification>
                <taxonRankName>Genus</taxonRankName>
              <taxonRankValue>Andreaea</taxonRankValue>
            </taxonomicClassification>
        </taxonomicCoverage>
  </coverage>
  <contact>
    <individualName>
<givenName>Olivia Lee</givenName>      <surName>Lee</surName>
    </individualName>
<organizationName>University of British Columbia Herbarium</organizationName><positionName>Collections Manager, Bryophytes, Fungi &amp; Lichen</positionName>    <address>
<deliveryPoint>3529-6270 University Boulevard, Vancouver, British Columbia CA, V6T 1Z4</deliveryPoint><city>Vancouver</city><administrativeArea>British Columbia</administrativeArea><postalCode>V6T 1Z4</postalCode><country>CANADA</country>    </address>
<phone>(604) 822-3344</phone><electronicMailAddress>olivia.lee@botany.ubc.ca</electronicMailAddress><onlineUrl>http://www.biodiversity.ubc.ca/museum/herbarium/</onlineUrl>  </contact>

</dataset>

<additionalMetadata>
  <metadata>
    <gbif>
        <dateStamp>2014-09-17T10:13:03.348+02:00</dateStamp>
        <citation>University of British Columbia: University of British Columbia Herbarium (UBC) - Bryophytes Collection</citation>
        <physical>
          <objectName>UBC Herbarium Databases</objectName>
          <characterEncoding>UTF-8</characterEncoding>
          <dataFormat>
            <externallyDefinedFormat>
              <formatName>HTML</formatName>
            </externallyDefinedFormat>
          </dataFormat>
          <distribution>
            <online>
              <url function="download">http://www.biodiversity.ubc.ca/museum/herbarium/database.html</url>
            </online>
          </distribution>
        </physical>
        <collection>
          <parentCollectionIdentifier>UBC</parentCollectionIdentifier>
          <collectionIdentifier>UBC</collectionIdentifier>
          <collectionName>University of British Columbia Herbarium (UBC) - Bryophyte Collection</collectionName>
        </collection>
        <formationPeriod>early 1900s - present</formationPeriod>
        <specimenPreservationMethod>MOUNTED</specimenPreservationMethod>
    </gbif>
  </metadata>
</additionalMetadata>

</eml:eml>
